{"id": 0, "data": [[[[0.2651683836619392], [0.5831558859524134], [0.6688765586915558], [0.594581100196647], [0.8740535523070623], [0.08915389974766275], [0.3415603676313781], [0.5232608215186844], [0.677264503788717], [0.11083685597602888], [0.2456519417092109], [0.17028059804455542], [0.7314581304612857], [0.828605059569535], [0.10040001856097391], [0.5016337965136202], [0.07171091308740563], [0.8782054892017652], [0.26931483494047825], [0.7646859820913531], [0.7458750062206072], [0.5076925291501778], [0.07804547346067381], [0.6197152955231634], [0.8674491618906027], [0.7176938877406183], [0.06474804628761266], [0.3467194663887766]], [[0.0726420410167864], [0.7618025218857516], [0.04971633296223632], [0.5252842461049979], [0.10212563441916744], [0.4337671687919553], [0.8529077276914616], [0.5444502519082127], [0.5178378079975519], [0.28845938285428807], [0.16109523495290667], [0.039001682836935836], [0.7917151101008255], [0.0602877976159063], [0.6641787588941535], [0.09682374338108934], [0.5466440456816496], [0.9329059488670276], [0.3335541419056741], [0.12033851818483765], [0.2623301270501469], [0.8947071729459269], [0.495814575412726], [0.07259690709495514], [0.3265109659810116], [0.8917128694518387], [0.9775289551259974], [0.5090286504230491]], [[0.8678789001315697], [0.6192021418010205], [0.929164992996465], [0.156757030777263], [0.24368857012727396], [0.0020103699094012883], [0.18105352170871514], [0.2573913519912361], [0.28000677927962514], [0.6717786678491457], [0.991300832003299], [0.019680211544773063], [0.49626512452688165], [0.42210428001859945], [0.23344880596827255], [0.3814504122277652], [0.6844752182475702], [0.1758166167952664], [0.04425037683621136], [0.768305701114167], [0.31990217462119996], [0.30539762648801927], [0.9634487225838791], [0.09675854168895892], [0.6956034370877618], [0.8970392710085103], [0.02051681496591462], [0.46256757781123925]], [[0.22643529172152888], [0.8137717851486783], [0.7151169102547327], [0.1250920248832832], [0.7621100667765897], [0.6145727494192135], [0.9339620474610855], [0.44979218552609135], [0.7830487129322701], [0.4505328846135366], [0.7757550451076592], [0.00045813753486056985], [0.14659851627985698], [0.6452937022114665], [0.9923652835907579], [0.7506533546553401], [0.6026265062857097], [0.5992331993292596], [0.8604569675781688], [0.5345592091345818], [0.1243014027824898], [0.7661363538356983], [0.617269784906848], [0.5082920326545647], [0.7548095050618115], [0.14799043303482062], [0.4740924708997142], [0.024945281017003218]], [[0.007113362768055853], [0.7825350003385], [0.2827074219102197], [0.2708020549833451], [0.18355879867117364], [0.8499288823797884], [0.19334132825404815], [0.2173047260176355], [0.9259781187065524], [0.8920470818660076], [0.5352552093691413], [0.6506727194022673], [0.5902507692997179], [0.8060499466902563], [0.6583737708662947], [0.9261181671373763], [0.21346206571724802], [0.28053735528990187], [0.6314792081193659], [0.47541625532815035], [0.1510243711694368], [0.31941753338459034], [0.7583400021709875], [0.15867294808554333], [0.5269812912125487], [0.6285272962372064], [0.8670688268061675], [0.06067177589677941]], [[0.5210370052022707], [0.5259102134178693], [0.1773192145794844], [0.688450392746879], [0.09588728198571916], [0.6072193171139834], [0.8262874457019701], [0.9761497357170124], [0.34887544698535233], [0.8840725266403872], [0.9275751529083646], [0.027516001447078775], [0.41055869695853997], [0.28739077021845816], [0.5615680640329322], [0.7994166497975517], [0.2500281226005939], [0.6082789102540347], [0.7644910220608745], [0.41890512264197444], [0.3570737364985548], [0.2452864117770649], [0.7067519169793278], [0.731263682085919], [0.11909735122577325], [0.03638061761926181], [0.005072007379447463], [0.395905780637416]], [[0.498803837020112], [0.5373500521925443], [0.6042953683111951], [0.04980718803855255], [0.8435125830800785], [0.07284992114023703], [0.15103386704907373], [0.06529761855250726], [0.6758655407804616], [0.3091365509365488], [0.29650052354859646], [0.3479567871187659], [0.5600630942667667], [0.34932759584621675], [0.9417580927557205], [0.6416793442895828], [0.9454877662737872], [0.2050089886187838], [0.41904152700656816], [0.908445049249174], [0.9704355648110177], [0.1880308652189001], [0.1951896891388074], [0.6075328082350303], [0.21848767622917942], [0.6335823476086542], [0.003554740081974761], [0.7676063733469378]], [[0.8981590018164407], [0.501759697999337], [0.0974034116059771], [0.525034292158071], [0.6294590676851911], [0.9822542473610687], [0.9299710585316672], [0.06995662126463009], [0.2758528980194508], [0.15097390422154044], [0.5275113742506681], [0.24408792937797674], [0.275997237958325], [0.37842553444429516], [0.7353898179925544], [0.1875425433798963], [0.6149929837196809], [0.09359182408132005], [0.16143427124088572], [0.5270240324608717], [0.5901049234462483], [0.056191170978041605], [0.7619907584861574], [0.7950370312594544], [0.5430545184544562], [0.9767498014877372], [0.6027583595420127], [0.36321162526293005]], [[0.14857298823484855], [0.6680670469551713], [0.9622580092721909], [0.28638128098399884], [0.661069029307396], [0.6614559364281181], [0.29909845911603294], [0.7990994252156691], [0.6008637411726345], [0.8516495428492497], [0.7837372884626455], [0.9171302183390829], [0.8305169951309065], [0.8776636841937762], [0.631674659292712], [0.9808082278035513], [0.06720093170152919], [0.27592286360926], [0.9855587155910696], [0.871856247416436], [0.20177657511730906], [0.8858214185633825], [0.5055369865003392], [0.24513860306647695], [0.4975349866137797], [0.7644723762723699], [0.09724815504632323], [0.14878489209033974]], [[0.20029440184607328], [0.5816453978062935], [0.5849351064476964], [0.507130948298671], [0.8795103392103665], [0.622831299847823], [0.5398417166014206], [0.9863749310767566], [0.24746740753367302], [0.9375736267587482], [0.25685494439061085], [0.39698546051751293], [0.18552472954417243], [0.2632149802117971], [0.8095618998316991], [0.5141455213690814], [0.6452910317189491], [0.9763674446083095], [0.1858304373126728], [0.6585790742857098], [0.07510693180244121], [0.38632791166391833], [0.9462747849070277], [0.018193793875298736], [0.032082178262335725], [0.902478224146365], [0.9633762154655282], [0.12677972517397018]], [[0.19272952207802196], [0.9465644808789146], [0.8321419875406195], [0.48495918786952674], [0.8400608741513261], [0.4775663202100445], [0.20204456233949297], [0.5083018088219093], [0.9075420568979227], [0.6729967007572342], [0.2536018149413699], [0.13068386255968845], [0.7758932531255465], [0.6290077932006027], [0.6971394198346987], [0.32690477041284827], [0.375177165922832], [0.8448638671164107], [0.5953498200077574], [0.972104891307115], [0.947509925977792], [0.802102632923011], [0.47503006953669336], [0.12963944620833656], [0.5939954593265615], [0.5114447710386996], [0.5678200476579682], [0.5386614200191896]], [[0.045280494012877814], [0.04431110686365336], [0.4194419543658062], [0.6371001291230599], [0.36975235665717654], [0.28022711400745826], [0.7668943653295913], [0.09430649032315519], [0.15083078039147346], [0.42532351033703464], [0.635826137373193], [0.014248362082961985], [0.659880326494715], [0.2155046795312069], [0.6428465143688236], [0.9318391575058779], [0.6675701153540314], [0.11976532872188261], [0.31113603222787], [0.7959724086154678], [0.2468213292600573], [0.007055252412754953], [0.841343156571953], [0.2227681019794101], [0.8114091160714721], [0.8573476997772169], [0.5140560728702379], [0.3718827681521931]], [[0.0027399188980822275], [0.045502360800581565], [0.04885769088408132], [0.5653354039686087], [0.8343824255414898], [0.14649256537961863], [0.18142277690203867], [0.48130130557452455], [0.9223786761625353], [0.6203889282291732], [0.09988816487835195], [0.9933481941278411], [0.13405790093377778], [0.2017335333162804], [0.8035234153775414], [0.40965973656376387], [0.5105613844597626], [0.75777766888027], [0.38240892512561175], [0.03810784819912705], [0.5377879603832056], 